{
	"pattrstorage" : 	{
		"name" : "JCManualPositions.json",
		"slots" : 		{
			"1" : 			{
				"id" : 1,
				"name" : "neutral",
				"data" : 				{
					"m1" : [ 512.0 ],
					"m10" : [ 512.0 ],
					"m11" : [ 512.0 ],
					"m12" : [ 512.0 ],
					"m13" : [ 512.0 ],
					"m14" : [ 512.0 ],
					"m15" : [ 512.0 ],
					"m16" : [ 512.0 ],
					"m17" : [ 512.0 ],
					"m18" : [ 512.0 ],
					"m2" : [ 512.0 ],
					"m3" : [ 512.0 ],
					"m4" : [ 512.0 ],
					"m5" : [ 300.0 ],
					"m6" : [ 512.0 ],
					"m7" : [ 512.0 ],
					"m8" : [ 512.0 ],
					"m9" : [ 512.0 ]
				}

			}
,
			"2" : 			{
				"id" : 2,
				"name" : "up",
				"data" : 				{
					"m1" : [ 512.0 ],
					"m10" : [ 777.133858 ],
					"m11" : [ 512.0 ],
					"m12" : [ 686.031496 ],
					"m13" : [ 512.0 ],
					"m14" : [ 512.0 ],
					"m15" : [ 512.0 ],
					"m16" : [ 512.0 ],
					"m17" : [ 512.0 ],
					"m18" : [ 512.0 ],
					"m2" : [ 512.0 ],
					"m3" : [ 512.0 ],
					"m4" : [ 512.0 ],
					"m5" : [ 300.0 ],
					"m6" : [ 512.0 ],
					"m7" : [ 512.0 ],
					"m8" : [ 512.0 ],
					"m9" : [ 512.0 ]
				}

			}
,
			"3" : 			{
				"id" : 3,
				"name" : "poulpe",
				"data" : 				{
					"m1" : [ 479.401575 ],
					"m10" : [ 512.0 ],
					"m11" : [ 512.0 ],
					"m12" : [ 512.0 ],
					"m13" : [ 354.440945 ],
					"m14" : [ 615.228346 ],
					"m15" : [ 512.0 ],
					"m16" : [ 512.0 ],
					"m17" : [ 512.0 ],
					"m18" : [ 512.0 ],
					"m2" : [ 620.661417 ],
					"m3" : [ 512.0 ],
					"m4" : [ 552.346457 ],
					"m5" : [ 300.0 ],
					"m6" : [ 750.787402 ],
					"m7" : [ 615.228346 ],
					"m8" : [ 636.96063 ],
					"m9" : [ 512.0 ]
				}

			}
,
			"4" : 			{
				"id" : 4,
				"name" : "new",
				"data" : 				{
					"m1" : [ 408.0 ],
					"m10" : [ 355.0 ],
					"m11" : [ 512.0 ],
					"m12" : [ 570.0 ],
					"m13" : [ 512.0 ],
					"m14" : [ 510.0 ],
					"m15" : [ 512.0 ],
					"m16" : [ 710.0 ],
					"m17" : [ 512.0 ],
					"m18" : [ 758.0 ],
					"m2" : [ 512.0 ],
					"m3" : [ 603.0 ],
					"m4" : [ 155.0 ],
					"m5" : [ 300.0 ],
					"m6" : [ 511.0 ],
					"m7" : [ 426.0 ],
					"m8" : [ 533.0 ],
					"m9" : [ 576.0 ]
				}

			}
,
			"5" : 			{
				"id" : 5,
				"name" : "handsUp!",
				"data" : 				{
					"m1" : [ 406.0 ],
					"m10" : [ 887.0 ],
					"m11" : [ 310.0 ],
					"m12" : [ 585.0 ],
					"m13" : [ 512.0 ],
					"m14" : [ 470.0 ],
					"m15" : [ 512.0 ],
					"m16" : [ 781.0 ],
					"m17" : [ 512.0 ],
					"m18" : [ 762.0 ],
					"m2" : [ 501.0 ],
					"m3" : [ 201.0 ],
					"m4" : [ 858.0 ],
					"m5" : [ 348.0 ],
					"m6" : [ 616.0 ],
					"m7" : [ 397.0 ],
					"m8" : [ 502.0 ],
					"m9" : [ 219.0 ]
				}

			}

		}

	}

}
