{
	"pattrstorage" : 	{
		"name" : "G5_ServoPositions.json",
		"slots" : 		{
			"1" : 			{
				"id" : 1,
				"data" : 				{
					"Reset" : [ 0.0 ],
					"Servo[10]" : [ 512.0 ],
					"Servo[11]" : [ 512.0 ],
					"Servo[12]" : [ 512.0 ],
					"Servo[13]" : [ 512.0 ],
					"Servo[14]" : [ 512.0 ],
					"Servo[15]" : [ 512.0 ],
					"Servo[16]" : [ 512.0 ],
					"Servo[17]" : [ 512.0 ],
					"Servo[18]" : [ 512.0 ],
					"Servo[1]" : [ 512.0 ],
					"Servo[2]" : [ 512.0 ],
					"Servo[3]" : [ 512.0 ],
					"Servo[4]" : [ 512.0 ],
					"Servo[5]" : [ 512.0 ],
					"Servo[6]" : [ 512.0 ],
					"Servo[7]" : [ 512.0 ],
					"Servo[8]" : [ 512.0 ],
					"Servo[9]" : [ 512.0 ],
					"live.numbox" : [ 100.0 ]
				}

			}
,
			"2" : 			{
				"id" : 2,
				"data" : 				{
					"Reset" : [ 0.0 ],
					"Servo[10]" : [ 512.0 ],
					"Servo[11]" : [ 180.196854 ],
					"Servo[12]" : [ 137.070862 ],
					"Servo[13]" : [ 512.0 ],
					"Servo[14]" : [ 512.0 ],
					"Servo[15]" : [ 512.0 ],
					"Servo[16]" : [ 512.0 ],
					"Servo[17]" : [ 512.0 ],
					"Servo[18]" : [ 512.0 ],
					"Servo[1]" : [ 512.0 ],
					"Servo[2]" : [ 512.0 ],
					"Servo[3]" : [ 512.0 ],
					"Servo[4]" : [ 512.0 ],
					"Servo[5]" : [ 512.0 ],
					"Servo[6]" : [ 512.0 ],
					"Servo[7]" : [ 512.0 ],
					"Servo[8]" : [ 512.0 ],
					"Servo[9]" : [ 512.0 ],
					"live.numbox" : [ 500.0 ]
				}

			}

		}

	}

}
